[
  {
    "property": "browser.tabs.allow_transparent_browser",
    "label": "Allow zen browser to be transparent (Turn off before uninstall)",
    "type": "checkbox",
    "defaultvalue": true
  },
  {
    "property": "zen.widget.linux.transparency",
    "label": "Allow zen browser on linux to be transparent (Turn off before uninstall)",
    "type": "checkbox",
    "defaultvalue": true,
    "disabledOn": ["windows", "macos"]
  },
  {
    "property": "mod.sameerasw.zen_bg_color_enabled",
    "label": "Enable custom background color for Zen",
    "type": "checkbox",
    "defaultvalue": false
  },
  {
    "property": "mod.sameerasw.zen_transparency_color",
    "label": "Set background color for Zen (Overrides default theme colors)",
    "type": "string",
    "defaultvalue": "#00000000"
  },
  {
    "property": "mod.sameerasw.zen_light_tint_flip",
    "label": "Flip light tint for Zen after 1.8b to dark",
    "type": "checkbox",
    "defaultvalue": false
  },
  {
    "property": "mod.sameerasw.zen_light_tint_disabled",
    "label": "Disable light tint for Zen after 1.8b",
    "type": "checkbox",
    "defaultvalue": true
  },
  {
    "property": "mod.sameerasw.zen_empty_page_transparency",
    "label": "Make the empty page transparent after Zen 1.9b",
    "type": "checkbox",
    "defaultvalue": true
  },
  {
    "property": "mod.sameerasw.zen_no_shadow",
    "label": "Remove the shadow around the web page",
    "type": "checkbox",
    "defaultvalue": false
  },
  {
    "property": "mod.sameerasw.zen_tab_switch_anim",
    "label": "Enable tab switch animation",
    "type": "checkbox",
    "defaultvalue": false
  },
  {
    "property": "mod.sameerasw.zen_urlbar_zoom_anim",
    "label": "Enable URL bar zoom animation",
    "type": "checkbox",
    "defaultvalue": false
  },
  {
    "property": "mod.sameerasw.zen_trackpad_anim",
    "label": "Enable trackpad animation",
    "type": "checkbox",
    "defaultvalue": false
  }
]
