[
    {
        "property": "uc.floatingtoolbar.compact.enabled",
        "label": "Enable compact toolbar, similar to Smaller Compact Mode by n7itro",
        "type": "checkbox",
        "disabledOn": []
    },
    {
        "property": "uc.floatingtoolbar.increase.spacing",
        "label": "Increase space around edge of browser window and toolbar / tab bar",
        "type": "checkbox",
        "disabledOn": []
    },
    {
        "property": "uc.floatingtoolbar.merge.bookmarks",
        "label": "Merge bookmark bar with toolbar (requires visible bookbark bar)",
        "type": "checkbox",
        "disabledOn": []
    }
]