[
    {
        "property": "theme.no_gaps.gaps",
        "label": "Gaps in single-tab view",
        "type": "checkbox",
        "defaultValue": false
    },
    {
        "property": "theme.no_gaps.split.gaps",
        "label": "Gaps in multi-tab view",
        "type": "checkbox",
        "defaultValue": true
    },
    {
        "property": "theme.no_gaps.rounded_corners",
        "label": "Rounded corners in single-tab view",
        "type": "checkbox",
        "defaultValue": false
    },
    {
        "property": "theme.no_gaps.split.rounded_corners",
        "label": "Rounded corners in multi-tab view",
        "type": "checkbox",
        "defaultValue": true
    },
    {
        "property": "theme.no_gaps.shadow",
        "label": "Shadow in single-tab view",
        "type": "checkbox",
        "defaultValue": true
    },
    {
        "property": "theme.no_gaps.split.shadow",
        "label": "Shadow in multi-tab view",
        "type": "checkbox",
        "defaultValue": true
    },
    {
        "property": "theme.no_gaps.split.outline",
        "label": "Outline in multi-tab view",
        "type": "checkbox",
        "defaultValue": true
    },
    {
        "property": "theme.no_gaps.single_toolbar.hide_navbar",
        "label": "Hide top bar in single-tab view (single toolbar)",
        "type": "checkbox",
        "defaultValue": true
    },
    {
        "property": "theme.no_gaps.split.single_toolbar.hide_navbar",
        "label": "Hide top bar in multi-tab view (single toolbar)",
        "type": "checkbox",
        "defaultValue": false
    },
    {
        "property": "theme.no_gaps.single_toolbar.disable_navbar",
        "label": "Remove top bar in single-tab view (single toolbar)",
        "type": "checkbox",
        "defaultValue": false
    },
    {
        "property": "theme.no_gaps.split.single_toolbar.disable_navbar",
        "label": "Remove top bar in multi-tab view (single toolbar)",
        "type": "checkbox",
        "defaultValue": false
    },
    {
        "property": "theme.no_gaps.fixes.center_split_view",
        "label": "Fix: Make margin in different view modes consistent",
        "type": "checkbox",
        "defaultValue": false
    }
]